<?xml version="1.0" encoding="UTF-8"?>
<project-private xmlns="http://www.netbeans.org/ns/project-private/1">
    <editor-bookmarks xmlns="http://www.netbeans.org/ns/editor-bookmarks/2" lastBookmarkId="0"/>
    <open-files xmlns="http://www.netbeans.org/ns/projectui-open-files/2">
        <group>
            <file>file:/home/morteus/NetBeansProjects/BioTrack/src/alpha/biotrack/MainAppFrame.java</file>
            <file>file:/home/morteus/NetBeansProjects/BioTrack/src/alpha/biotrack/AddEquipmentDialog.java</file>
            <file>file:/home/morteus/NetBeansProjects/BioTrack/src/alpha/biotrack/EditEquipmentDialog.java</file>
            <file>file:/home/morteus/NetBeansProjects/BioTrack/src/alpha/biotrack/BorrowDialog.java</file>
            <file>file:/home/morteus/NetBeansProjects/BioTrack/src/alpha/biotrack/ReturnDialog.java</file>
            <file>file:/home/morteus/NetBeansProjects/BioTrack/src/alpha/biotrack/SearchDialog.java</file>
            <file>file:/home/morteus/NetBeansProjects/BioTrack/src/alpha/biotrack/TransactionsDialog.java</file>
            <file>file:/home/morteus/NetBeansProjects/BioTrack/src/alpha/biotrack/TransactionManager.java</file>
        </group>
    </open-files>
</project-private>
